code,filename,group,use,size,prompt,negative,notes
IMG-BRAND-001,brand-cover-last-horizon.webp,Marca,Capa e divulgação,2560x1440,"Earth seen from high orbit at night with widespread climate disasters and city blackouts, colossal interstellar ark under construction in orbital drydock, hopeful distant star, centered cinematic composition, clean lower-left safe area, ultra-realistic cinematic near-future space engineering, premium AAA game background, physically plausible architecture and materials, dark navy and graphite palette, brushed titanium, subtle cyan and amber practical lighting, controlled contrast, volumetric atmosphere, extremely detailed, credible scale, no readable text, no logos, no watermark","cartoon, anime, fantasy magic, retro pulp, low resolution, blurry, distorted geometry, duplicated objects, readable text, brand logos, NASA insignia, watermark, UI overlay, game HUD",
IMG-BRAND-002,splash-last-horizon.webp,Marca,Splash PWA vertical,1290x2796,"vertical composition, luminous Earth fading into darkness below, gigantic ark spacecraft rising toward a distant habitable world, dramatic negative space in upper third for logo, elegant premium mobile splash, ultra-realistic cinematic near-future space engineering, premium AAA game background, physically plausible architecture and materials, dark navy and graphite palette, brushed titanium, subtle cyan and amber practical lighting, controlled contrast, volumetric atmosphere, extremely detailed, credible scale, no readable text, no logos, no watermark","cartoon, anime, fantasy magic, retro pulp, low resolution, blurry, distorted geometry, duplicated objects, readable text, brand logos, NASA insignia, watermark, UI overlay, game HUD",
IMG-BRAND-003,og-last-horizon.webp,Marca,Prévia social,1200x630,"wide mission control silhouettes facing panoramic windows, ark spacecraft leaving Earth, focal center and clean right-side title safe area, ultra-realistic cinematic near-future space engineering, premium AAA game background, physically plausible architecture and materials, dark navy and graphite palette, brushed titanium, subtle cyan and amber practical lighting, controlled contrast, volumetric atmosphere, extremely detailed, credible scale, no readable text, no logos, no watermark","cartoon, anime, fantasy magic, retro pulp, low resolution, blurry, distorted geometry, duplicated objects, readable text, brand logos, NASA insignia, watermark, UI overlay, game HUD",
IMG-BRAND-004,app-icon-background.webp,Marca,Base do ícone,1024x1024,"simple iconic circular orbital horizon around a small ark silhouette, luminous cyan arc over deep navy, bold readable shape at small scale, no text, ultra-realistic cinematic near-future space engineering, premium AAA game background, physically plausible architecture and materials, dark navy and graphite palette, brushed titanium, subtle cyan and amber practical lighting, controlled contrast, volumetric atmosphere, extremely detailed, credible scale, no readable text, no logos, no watermark","cartoon, anime, fantasy magic, retro pulp, low resolution, blurry, distorted geometry, duplicated objects, readable text, brand logos, NASA insignia, watermark, UI overlay, game HUD",
IMG-BRAND-005,bg-main-menu-earth-orbit.webp,Marca,Menu principal,2560x1440,"view from observation window toward damaged Earth and orbital construction docks, quiet solemn atmosphere, left side darker for vertical menu, no cockpit instruments, ultra-realistic cinematic near-future space engineering, premium AAA game background, physically plausible architecture and materials, dark navy and graphite palette, brushed titanium, subtle cyan and amber practical lighting, controlled contrast, volumetric atmosphere, extremely detailed, credible scale, no readable text, no logos, no watermark","cartoon, anime, fantasy magic, retro pulp, low resolution, blurry, distorted geometry, duplicated objects, readable text, brand logos, NASA insignia, watermark, UI overlay, game HUD",
IMG-BRAND-006,bg-loading-stellar-route.webp,Marca,Carregamento,2560x1440,"deep space navigation corridor, subtle star trails converging toward a distant blue planet, restrained minimal composition, center clear for loading indicator, ultra-realistic cinematic near-future space engineering, premium AAA game background, physically plausible architecture and materials, dark navy and graphite palette, brushed titanium, subtle cyan and amber practical lighting, controlled contrast, volumetric atmosphere, extremely detailed, credible scale, no readable text, no logos, no watermark","cartoon, anime, fantasy magic, retro pulp, low resolution, blurry, distorted geometry, duplicated objects, readable text, brand logos, NASA insignia, watermark, UI overlay, game HUD",
IMG-CAM-001,bg-campaign-earth-collapse.webp,Campanha,Terra em colapso,2560x1440,"Earth from space with huge weather systems, continental fires and partial city blackouts, realistic restrained catastrophe, ultra-realistic cinematic near-future space engineering, premium AAA game background, physically plausible architecture and materials, dark navy and graphite palette, brushed titanium, subtle cyan and amber practical lighting, controlled contrast, volumetric atmosphere, extremely detailed, credible scale, no readable text, no logos, no watermark","cartoon, anime, fantasy magic, retro pulp, low resolution, blurry, distorted geometry, duplicated objects, readable text, brand logos, NASA insignia, watermark, UI overlay, game HUD",
IMG-CAM-002,bg-campaign-emergency-summit.webp,Campanha,Cúpula global,2560x1440,"international crisis chamber, empty circular table, abstract climate projections without text, urgent atmosphere, ultra-realistic cinematic near-future space engineering, premium AAA game background, physically plausible architecture and materials, dark navy and graphite palette, brushed titanium, subtle cyan and amber practical lighting, controlled contrast, volumetric atmosphere, extremely detailed, credible scale, no readable text, no logos, no watermark","cartoon, anime, fantasy magic, retro pulp, low resolution, blurry, distorted geometry, duplicated objects, readable text, brand logos, NASA insignia, watermark, UI overlay, game HUD",
IMG-CAM-003,bg-campaign-director-appointment.webp,Campanha,Nomeação,2560x1440,"government aerospace auditorium, empty podium, press lights, central safe area for character overlay, ultra-realistic cinematic near-future space engineering, premium AAA game background, physically plausible architecture and materials, dark navy and graphite palette, brushed titanium, subtle cyan and amber practical lighting, controlled contrast, volumetric atmosphere, extremely detailed, credible scale, no readable text, no logos, no watermark","cartoon, anime, fantasy magic, retro pulp, low resolution, blurry, distorted geometry, duplicated objects, readable text, brand logos, NASA insignia, watermark, UI overlay, game HUD",
IMG-CAM-004,bg-campaign-public-address.webp,Campanha,Pronunciamento,2560x1440,"global broadcast studio, cameras and practical lighting, clean background for director avatar overlay, ultra-realistic cinematic near-future space engineering, premium AAA game background, physically plausible architecture and materials, dark navy and graphite palette, brushed titanium, subtle cyan and amber practical lighting, controlled contrast, volumetric atmosphere, extremely detailed, credible scale, no readable text, no logos, no watermark","cartoon, anime, fantasy magic, retro pulp, low resolution, blurry, distorted geometry, duplicated objects, readable text, brand logos, NASA insignia, watermark, UI overlay, game HUD",
IMG-CAM-005,bg-campaign-city-shortages.webp,Campanha,Escassez urbana,2560x1440,"near-future coastal megacity under rationing and infrastructure stress viewed from distance, non-graphic, ultra-realistic cinematic near-future space engineering, premium AAA game background, physically plausible architecture and materials, dark navy and graphite palette, brushed titanium, subtle cyan and amber practical lighting, controlled contrast, volumetric atmosphere, extremely detailed, credible scale, no readable text, no logos, no watermark","cartoon, anime, fantasy magic, retro pulp, low resolution, blurry, distorted geometry, duplicated objects, readable text, brand logos, NASA insignia, watermark, UI overlay, game HUD",
IMG-CAM-006,bg-campaign-launch-protests.webp,Campanha,Protestos,2560x1440,"road outside space center with distant crowd, barriers, emergency lights and launch pad far behind, ultra-realistic cinematic near-future space engineering, premium AAA game background, physically plausible architecture and materials, dark navy and graphite palette, brushed titanium, subtle cyan and amber practical lighting, controlled contrast, volumetric atmosphere, extremely detailed, credible scale, no readable text, no logos, no watermark","cartoon, anime, fantasy magic, retro pulp, low resolution, blurry, distorted geometry, duplicated objects, readable text, brand logos, NASA insignia, watermark, UI overlay, game HUD",
IMG-CAM-007,bg-campaign-memorial-hall.webp,Campanha,Memorial,2560x1440,"solemn space memorial with wall of lights without readable names, astronaut helmet on pedestal, ultra-realistic cinematic near-future space engineering, premium AAA game background, physically plausible architecture and materials, dark navy and graphite palette, brushed titanium, subtle cyan and amber practical lighting, controlled contrast, volumetric atmosphere, extremely detailed, credible scale, no readable text, no logos, no watermark","cartoon, anime, fantasy magic, retro pulp, low resolution, blurry, distorted geometry, duplicated objects, readable text, brand logos, NASA insignia, watermark, UI overlay, game HUD",
IMG-CAM-008,bg-campaign-earth-recovery.webp,Campanha,Recuperação da Terra,2560x1440,"Earth from orbit showing recovering oceans and green regions after years, hopeful sunrise, ultra-realistic cinematic near-future space engineering, premium AAA game background, physically plausible architecture and materials, dark navy and graphite palette, brushed titanium, subtle cyan and amber practical lighting, controlled contrast, volumetric atmosphere, extremely detailed, credible scale, no readable text, no logos, no watermark","cartoon, anime, fantasy magic, retro pulp, low resolution, blurry, distorted geometry, duplicated objects, readable text, brand logos, NASA insignia, watermark, UI overlay, game HUD",
IMG-AGY-001,bg-agency-mission-control.webp,Agência,Controle da missão,2560x1440,"large near-future mission control, curved workstations, panoramic abstract telemetry lights, empty seats, ultra-realistic cinematic near-future space engineering, premium AAA game background, physically plausible architecture and materials, dark navy and graphite palette, brushed titanium, subtle cyan and amber practical lighting, controlled contrast, volumetric atmosphere, extremely detailed, credible scale, no readable text, no logos, no watermark","cartoon, anime, fantasy magic, retro pulp, low resolution, blurry, distorted geometry, duplicated objects, readable text, brand logos, NASA insignia, watermark, UI overlay, game HUD",
IMG-AGY-002,bg-agency-director-office.webp,Agência,Escritório do diretor,2560x1440,"space agency director office, Earth model, mission photos without logos, window toward launch complex, dark right side, ultra-realistic cinematic near-future space engineering, premium AAA game background, physically plausible architecture and materials, dark navy and graphite palette, brushed titanium, subtle cyan and amber practical lighting, controlled contrast, volumetric atmosphere, extremely detailed, credible scale, no readable text, no logos, no watermark","cartoon, anime, fantasy magic, retro pulp, low resolution, blurry, distorted geometry, duplicated objects, readable text, brand logos, NASA insignia, watermark, UI overlay, game HUD",
IMG-AGY-003,bg-agency-engineering-review.webp,Agência,Revisão de engenharia,2560x1440,"systems engineering review room with physical spacecraft model, blank wall panels, chairs for character overlays, ultra-realistic cinematic near-future space engineering, premium AAA game background, physically plausible architecture and materials, dark navy and graphite palette, brushed titanium, subtle cyan and amber practical lighting, controlled contrast, volumetric atmosphere, extremely detailed, credible scale, no readable text, no logos, no watermark","cartoon, anime, fantasy magic, retro pulp, low resolution, blurry, distorted geometry, duplicated objects, readable text, brand logos, NASA insignia, watermark, UI overlay, game HUD",
IMG-AGY-004,bg-agency-propulsion-lab.webp,Agência,Laboratório de propulsão,2560x1440,"advanced rocket propulsion laboratory, engine section on stand, pipes and diagnostics, no flame, ultra-realistic cinematic near-future space engineering, premium AAA game background, physically plausible architecture and materials, dark navy and graphite palette, brushed titanium, subtle cyan and amber practical lighting, controlled contrast, volumetric atmosphere, extremely detailed, credible scale, no readable text, no logos, no watermark","cartoon, anime, fantasy magic, retro pulp, low resolution, blurry, distorted geometry, duplicated objects, readable text, brand logos, NASA insignia, watermark, UI overlay, game HUD",
IMG-AGY-005,bg-agency-structures-lab.webp,Agência,Laboratório estrutural,2560x1440,"spacecraft structural lab, composite pressure shell, robotic inspection arms, ultra-realistic cinematic near-future space engineering, premium AAA game background, physically plausible architecture and materials, dark navy and graphite palette, brushed titanium, subtle cyan and amber practical lighting, controlled contrast, volumetric atmosphere, extremely detailed, credible scale, no readable text, no logos, no watermark","cartoon, anime, fantasy magic, retro pulp, low resolution, blurry, distorted geometry, duplicated objects, readable text, brand logos, NASA insignia, watermark, UI overlay, game HUD",
IMG-AGY-006,bg-agency-life-support-lab.webp,Agência,Laboratório de suporte de vida,2560x1440,"closed-loop life support lab with water recycling prototypes, plant chambers and air processors, ultra-realistic cinematic near-future space engineering, premium AAA game background, physically plausible architecture and materials, dark navy and graphite palette, brushed titanium, subtle cyan and amber practical lighting, controlled contrast, volumetric atmosphere, extremely detailed, credible scale, no readable text, no logos, no watermark","cartoon, anime, fantasy magic, retro pulp, low resolution, blurry, distorted geometry, duplicated objects, readable text, brand logos, NASA insignia, watermark, UI overlay, game HUD",
IMG-AGY-007,bg-agency-medical-center.webp,Agência,Centro médico,2560x1440,"astronaut medical and human performance center, scanner, treadmill enclosure, clinical lighting, ultra-realistic cinematic near-future space engineering, premium AAA game background, physically plausible architecture and materials, dark navy and graphite palette, brushed titanium, subtle cyan and amber practical lighting, controlled contrast, volumetric atmosphere, extremely detailed, credible scale, no readable text, no logos, no watermark","cartoon, anime, fantasy magic, retro pulp, low resolution, blurry, distorted geometry, duplicated objects, readable text, brand logos, NASA insignia, watermark, UI overlay, game HUD",
IMG-AGY-008,bg-agency-training-simulator.webp,Agência,Simulador de treinamento,2560x1440,"full-motion spacecraft simulator hall, capsule mockup and observation booth, ultra-realistic cinematic near-future space engineering, premium AAA game background, physically plausible architecture and materials, dark navy and graphite palette, brushed titanium, subtle cyan and amber practical lighting, controlled contrast, volumetric atmosphere, extremely detailed, credible scale, no readable text, no logos, no watermark","cartoon, anime, fantasy magic, retro pulp, low resolution, blurry, distorted geometry, duplicated objects, readable text, brand logos, NASA insignia, watermark, UI overlay, game HUD",
IMG-AGY-009,bg-agency-procurement-room.webp,Agência,Sala de contratos,2560x1440,"supplier negotiation room with component samples and sealed proposals, aerospace corporate atmosphere, ultra-realistic cinematic near-future space engineering, premium AAA game background, physically plausible architecture and materials, dark navy and graphite palette, brushed titanium, subtle cyan and amber practical lighting, controlled contrast, volumetric atmosphere, extremely detailed, credible scale, no readable text, no logos, no watermark","cartoon, anime, fantasy magic, retro pulp, low resolution, blurry, distorted geometry, duplicated objects, readable text, brand logos, NASA insignia, watermark, UI overlay, game HUD",
IMG-AGY-010,bg-agency-data-center.webp,Agência,Data center,2560x1440,"secure aerospace data center with redundant servers and cooling corridors, ultra-realistic cinematic near-future space engineering, premium AAA game background, physically plausible architecture and materials, dark navy and graphite palette, brushed titanium, subtle cyan and amber practical lighting, controlled contrast, volumetric atmosphere, extremely detailed, credible scale, no readable text, no logos, no watermark","cartoon, anime, fantasy magic, retro pulp, low resolution, blurry, distorted geometry, duplicated objects, readable text, brand logos, NASA insignia, watermark, UI overlay, game HUD",
IMG-AGY-011,bg-agency-hangar.webp,Agência,Hangar de montagem,2560x1440,"immense spacecraft assembly hangar, ARK-01 central spine under construction, tiny workers for scale, ultra-realistic cinematic near-future space engineering, premium AAA game background, physically plausible architecture and materials, dark navy and graphite palette, brushed titanium, subtle cyan and amber practical lighting, controlled contrast, volumetric atmosphere, extremely detailed, credible scale, no readable text, no logos, no watermark","cartoon, anime, fantasy magic, retro pulp, low resolution, blurry, distorted geometry, duplicated objects, readable text, brand logos, NASA insignia, watermark, UI overlay, game HUD",
IMG-AGY-012,bg-agency-launch-complex.webp,Agência,Complexo de lançamento,2560x1440,"near-future launch complex at dawn, giant heavy launch vehicle, service towers and vapor, ultra-realistic cinematic near-future space engineering, premium AAA game background, physically plausible architecture and materials, dark navy and graphite palette, brushed titanium, subtle cyan and amber practical lighting, controlled contrast, volumetric atmosphere, extremely detailed, credible scale, no readable text, no logos, no watermark","cartoon, anime, fantasy magic, retro pulp, low resolution, blurry, distorted geometry, duplicated objects, readable text, brand logos, NASA insignia, watermark, UI overlay, game HUD",
IMG-MFG-001,bg-mfg-blueprint-bay.webp,Fabricação e testes,Sala de projeto,2560x1440,"dark engineering visualization bay with physically plausible projected wireframe ark, no labels, ultra-realistic cinematic near-future space engineering, premium AAA game background, physically plausible architecture and materials, dark navy and graphite palette, brushed titanium, subtle cyan and amber practical lighting, controlled contrast, volumetric atmosphere, extremely detailed, credible scale, no readable text, no logos, no watermark","cartoon, anime, fantasy magic, retro pulp, low resolution, blurry, distorted geometry, duplicated objects, readable text, brand logos, NASA insignia, watermark, UI overlay, game HUD",
IMG-MFG-002,bg-mfg-engine-test-stand.webp,Fabricação e testes,Bancada antes do teste,2560x1440,"remote rocket engine test stand at night before ignition, vapor and safety lights, foreground for controls, ultra-realistic cinematic near-future space engineering, premium AAA game background, physically plausible architecture and materials, dark navy and graphite palette, brushed titanium, subtle cyan and amber practical lighting, controlled contrast, volumetric atmosphere, extremely detailed, credible scale, no readable text, no logos, no watermark","cartoon, anime, fantasy magic, retro pulp, low resolution, blurry, distorted geometry, duplicated objects, readable text, brand logos, NASA insignia, watermark, UI overlay, game HUD",
IMG-MFG-003,bg-mfg-engine-firing.webp,Fabricação e testes,Teste de motor,2560x1440,"rocket engine static fire on reinforced test stand, intense realistic plume and shock diamonds, ultra-realistic cinematic near-future space engineering, premium AAA game background, physically plausible architecture and materials, dark navy and graphite palette, brushed titanium, subtle cyan and amber practical lighting, controlled contrast, volumetric atmosphere, extremely detailed, credible scale, no readable text, no logos, no watermark","cartoon, anime, fantasy magic, retro pulp, low resolution, blurry, distorted geometry, duplicated objects, readable text, brand logos, NASA insignia, watermark, UI overlay, game HUD",
IMG-MFG-004,bg-mfg-tank-assembly.webp,Fabricação e testes,Fabricação de tanques,2560x1440,"cryogenic tank production line, huge cylindrical tanks, welding rigs and platforms, ultra-realistic cinematic near-future space engineering, premium AAA game background, physically plausible architecture and materials, dark navy and graphite palette, brushed titanium, subtle cyan and amber practical lighting, controlled contrast, volumetric atmosphere, extremely detailed, credible scale, no readable text, no logos, no watermark","cartoon, anime, fantasy magic, retro pulp, low resolution, blurry, distorted geometry, duplicated objects, readable text, brand logos, NASA insignia, watermark, UI overlay, game HUD",
IMG-MFG-005,bg-mfg-vibration-test.webp,Fabricação e testes,Teste de vibração,2560x1440,"spacecraft module on giant vibration table, cables and sensors without labels, ultra-realistic cinematic near-future space engineering, premium AAA game background, physically plausible architecture and materials, dark navy and graphite palette, brushed titanium, subtle cyan and amber practical lighting, controlled contrast, volumetric atmosphere, extremely detailed, credible scale, no readable text, no logos, no watermark","cartoon, anime, fantasy magic, retro pulp, low resolution, blurry, distorted geometry, duplicated objects, readable text, brand logos, NASA insignia, watermark, UI overlay, game HUD",
IMG-MFG-006,bg-mfg-thermal-vacuum.webp,Fabricação e testes,Teste térmico-vácuo,2560x1440,"open thermal vacuum chamber with spacecraft module, black walls and industrial lighting, ultra-realistic cinematic near-future space engineering, premium AAA game background, physically plausible architecture and materials, dark navy and graphite palette, brushed titanium, subtle cyan and amber practical lighting, controlled contrast, volumetric atmosphere, extremely detailed, credible scale, no readable text, no logos, no watermark","cartoon, anime, fantasy magic, retro pulp, low resolution, blurry, distorted geometry, duplicated objects, readable text, brand logos, NASA insignia, watermark, UI overlay, game HUD",
IMG-MFG-007,bg-mfg-pressure-test.webp,Fabricação e testes,Teste de pressão,2560x1440,"sealed habitat pressure test bay, reinforced windows, diagnostic lighting, ultra-realistic cinematic near-future space engineering, premium AAA game background, physically plausible architecture and materials, dark navy and graphite palette, brushed titanium, subtle cyan and amber practical lighting, controlled contrast, volumetric atmosphere, extremely detailed, credible scale, no readable text, no logos, no watermark","cartoon, anime, fantasy magic, retro pulp, low resolution, blurry, distorted geometry, duplicated objects, readable text, brand logos, NASA insignia, watermark, UI overlay, game HUD",
IMG-MFG-008,bg-mfg-clean-room.webp,Fabricação e testes,Sala limpa,2560x1440,"spacecraft avionics clean room, distant technicians, flight computer racks, ultra-realistic cinematic near-future space engineering, premium AAA game background, physically plausible architecture and materials, dark navy and graphite palette, brushed titanium, subtle cyan and amber practical lighting, controlled contrast, volumetric atmosphere, extremely detailed, credible scale, no readable text, no logos, no watermark","cartoon, anime, fantasy magic, retro pulp, low resolution, blurry, distorted geometry, duplicated objects, readable text, brand logos, NASA insignia, watermark, UI overlay, game HUD",
IMG-MFG-009,bg-mfg-final-integration.webp,Fabricação e testes,Integração final,2560x1440,"final spacecraft integration hall, modules joining along central spine, complex cranes, ultra-realistic cinematic near-future space engineering, premium AAA game background, physically plausible architecture and materials, dark navy and graphite palette, brushed titanium, subtle cyan and amber practical lighting, controlled contrast, volumetric atmosphere, extremely detailed, credible scale, no readable text, no logos, no watermark","cartoon, anime, fantasy magic, retro pulp, low resolution, blurry, distorted geometry, duplicated objects, readable text, brand logos, NASA insignia, watermark, UI overlay, game HUD",
IMG-MFG-010,bg-mfg-rollout.webp,Fabricação e testes,Transporte ao lançamento,2560x1440,"massive launch vehicle rolling toward pad at sunrise, cinematic low angle, ultra-realistic cinematic near-future space engineering, premium AAA game background, physically plausible architecture and materials, dark navy and graphite palette, brushed titanium, subtle cyan and amber practical lighting, controlled contrast, volumetric atmosphere, extremely detailed, credible scale, no readable text, no logos, no watermark","cartoon, anime, fantasy magic, retro pulp, low resolution, blurry, distorted geometry, duplicated objects, readable text, brand logos, NASA insignia, watermark, UI overlay, game HUD",
IMG-INT-001,bg-interior-flight-deck.webp,Interior ARK-01,Cabine de comando,2560x1440,"ARK-01 command flight deck, forward panoramic windows, empty instrument bezels and blank dark screen surfaces reserved for coded UI, symmetrical, no gauges, no labeled buttons, ultra-realistic cinematic near-future space engineering, premium AAA game background, physically plausible architecture and materials, dark navy and graphite palette, brushed titanium, subtle cyan and amber practical lighting, controlled contrast, volumetric atmosphere, extremely detailed, credible scale, no readable text, no logos, no watermark","cartoon, anime, fantasy magic, retro pulp, low resolution, blurry, distorted geometry, duplicated objects, readable text, brand logos, NASA insignia, watermark, UI overlay, game HUD","Não aceitar instrumentos prontos. Medidores, botões, textos e luzes de estado serão sobrepostos por código."
IMG-INT-002,bg-interior-navigation.webp,Interior ARK-01,Navegação,2560x1440,"navigation room with central star map table switched off, blank display walls, seats and handrails, ultra-realistic cinematic near-future space engineering, premium AAA game background, physically plausible architecture and materials, dark navy and graphite palette, brushed titanium, subtle cyan and amber practical lighting, controlled contrast, volumetric atmosphere, extremely detailed, credible scale, no readable text, no logos, no watermark","cartoon, anime, fantasy magic, retro pulp, low resolution, blurry, distorted geometry, duplicated objects, readable text, brand logos, NASA insignia, watermark, UI overlay, game HUD","Não aceitar instrumentos prontos. Medidores, botões, textos e luzes de estado serão sobrepostos por código."
IMG-INT-003,bg-interior-engineering-control.webp,Interior ARK-01,Controle de engenharia,2560x1440,"engineering control room, rows of blank dark panels and unlabeled switch housings, reactor access behind glass, ultra-realistic cinematic near-future space engineering, premium AAA game background, physically plausible architecture and materials, dark navy and graphite palette, brushed titanium, subtle cyan and amber practical lighting, controlled contrast, volumetric atmosphere, extremely detailed, credible scale, no readable text, no logos, no watermark","cartoon, anime, fantasy magic, retro pulp, low resolution, blurry, distorted geometry, duplicated objects, readable text, brand logos, NASA insignia, watermark, UI overlay, game HUD","Não aceitar instrumentos prontos. Medidores, botões, textos e luzes de estado serão sobrepostos por código."
IMG-INT-004,bg-interior-reactor.webp,Interior ARK-01,Reator,2560x1440,"compact advanced fission or fusion reactor chamber, shielded core housing, coolant pipes, service catwalks, no fantasy energy, ultra-realistic cinematic near-future space engineering, premium AAA game background, physically plausible architecture and materials, dark navy and graphite palette, brushed titanium, subtle cyan and amber practical lighting, controlled contrast, volumetric atmosphere, extremely detailed, credible scale, no readable text, no logos, no watermark","cartoon, anime, fantasy magic, retro pulp, low resolution, blurry, distorted geometry, duplicated objects, readable text, brand logos, NASA insignia, watermark, UI overlay, game HUD","Não aceitar instrumentos prontos. Medidores, botões, textos e luzes de estado serão sobrepostos por código."
IMG-INT-005,bg-interior-propulsion-service.webp,Interior ARK-01,Serviço de propulsão,2560x1440,"spacecraft propulsion service bay, engine feed lines, valves, access platforms and maintenance lighting, ultra-realistic cinematic near-future space engineering, premium AAA game background, physically plausible architecture and materials, dark navy and graphite palette, brushed titanium, subtle cyan and amber practical lighting, controlled contrast, volumetric atmosphere, extremely detailed, credible scale, no readable text, no logos, no watermark","cartoon, anime, fantasy magic, retro pulp, low resolution, blurry, distorted geometry, duplicated objects, readable text, brand logos, NASA insignia, watermark, UI overlay, game HUD","Não aceitar instrumentos prontos. Medidores, botões, textos e luzes de estado serão sobrepostos por código."
IMG-INT-006,bg-interior-life-support.webp,Interior ARK-01,Suporte de vida,2560x1440,"life support room with air scrubbers, water reclamation columns, filter racks and blank panels, ultra-realistic cinematic near-future space engineering, premium AAA game background, physically plausible architecture and materials, dark navy and graphite palette, brushed titanium, subtle cyan and amber practical lighting, controlled contrast, volumetric atmosphere, extremely detailed, credible scale, no readable text, no logos, no watermark","cartoon, anime, fantasy magic, retro pulp, low resolution, blurry, distorted geometry, duplicated objects, readable text, brand logos, NASA insignia, watermark, UI overlay, game HUD","Não aceitar instrumentos prontos. Medidores, botões, textos e luzes de estado serão sobrepostos por código."
IMG-INT-007,bg-interior-hydroponics.webp,Interior ARK-01,Hidroponia,2560x1440,"spacecraft hydroponics greenhouse, modular crops under efficient grow lights, water channels and central aisle, ultra-realistic cinematic near-future space engineering, premium AAA game background, physically plausible architecture and materials, dark navy and graphite palette, brushed titanium, subtle cyan and amber practical lighting, controlled contrast, volumetric atmosphere, extremely detailed, credible scale, no readable text, no logos, no watermark","cartoon, anime, fantasy magic, retro pulp, low resolution, blurry, distorted geometry, duplicated objects, readable text, brand logos, NASA insignia, watermark, UI overlay, game HUD","Não aceitar instrumentos prontos. Medidores, botões, textos e luzes de estado serão sobrepostos por código."
IMG-INT-008,bg-interior-medbay.webp,Interior ARK-01,Enfermaria,2560x1440,"spacecraft medical bay with two treatment beds, diagnostic arch, medicine lockers and neutral lighting, ultra-realistic cinematic near-future space engineering, premium AAA game background, physically plausible architecture and materials, dark navy and graphite palette, brushed titanium, subtle cyan and amber practical lighting, controlled contrast, volumetric atmosphere, extremely detailed, credible scale, no readable text, no logos, no watermark","cartoon, anime, fantasy magic, retro pulp, low resolution, blurry, distorted geometry, duplicated objects, readable text, brand logos, NASA insignia, watermark, UI overlay, game HUD","Não aceitar instrumentos prontos. Medidores, botões, textos e luzes de estado serão sobrepostos por código."
IMG-INT-009,bg-interior-crew-quarters.webp,Interior ARK-01,Alojamentos,2560x1440,"compact long-duration crew quarters, private bunks, personal storage, soft lighting, orderly lived-in feel, ultra-realistic cinematic near-future space engineering, premium AAA game background, physically plausible architecture and materials, dark navy and graphite palette, brushed titanium, subtle cyan and amber practical lighting, controlled contrast, volumetric atmosphere, extremely detailed, credible scale, no readable text, no logos, no watermark","cartoon, anime, fantasy magic, retro pulp, low resolution, blurry, distorted geometry, duplicated objects, readable text, brand logos, NASA insignia, watermark, UI overlay, game HUD","Não aceitar instrumentos prontos. Medidores, botões, textos e luzes de estado serão sobrepostos por código."
IMG-INT-010,bg-interior-galley.webp,Interior ARK-01,Refeitório,2560x1440,"spacecraft galley and communal table, compact appliances, room for crew overlays, ultra-realistic cinematic near-future space engineering, premium AAA game background, physically plausible architecture and materials, dark navy and graphite palette, brushed titanium, subtle cyan and amber practical lighting, controlled contrast, volumetric atmosphere, extremely detailed, credible scale, no readable text, no logos, no watermark","cartoon, anime, fantasy magic, retro pulp, low resolution, blurry, distorted geometry, duplicated objects, readable text, brand logos, NASA insignia, watermark, UI overlay, game HUD","Não aceitar instrumentos prontos. Medidores, botões, textos e luzes de estado serão sobrepostos por código."
IMG-INT-011,bg-interior-science-lab.webp,Interior ARK-01,Laboratório científico,2560x1440,"multidisciplinary spacecraft laboratory with sealed sample cabinets, analyzers and blank screens, ultra-realistic cinematic near-future space engineering, premium AAA game background, physically plausible architecture and materials, dark navy and graphite palette, brushed titanium, subtle cyan and amber practical lighting, controlled contrast, volumetric atmosphere, extremely detailed, credible scale, no readable text, no logos, no watermark","cartoon, anime, fantasy magic, retro pulp, low resolution, blurry, distorted geometry, duplicated objects, readable text, brand logos, NASA insignia, watermark, UI overlay, game HUD","Não aceitar instrumentos prontos. Medidores, botões, textos e luzes de estado serão sobrepostos por código."
IMG-INT-012,bg-interior-observation-dome.webp,Interior ARK-01,Cúpula de observação,2560x1440,"observation dome with wide space view, minimal seating and structural ribs, ultra-realistic cinematic near-future space engineering, premium AAA game background, physically plausible architecture and materials, dark navy and graphite palette, brushed titanium, subtle cyan and amber practical lighting, controlled contrast, volumetric atmosphere, extremely detailed, credible scale, no readable text, no logos, no watermark","cartoon, anime, fantasy magic, retro pulp, low resolution, blurry, distorted geometry, duplicated objects, readable text, brand logos, NASA insignia, watermark, UI overlay, game HUD","Não aceitar instrumentos prontos. Medidores, botões, textos e luzes de estado serão sobrepostos por código."
IMG-INT-013,bg-interior-airlock.webp,Interior ARK-01,Câmara de ar,2560x1440,"dual-door spacecraft airlock, EVA suit mounts, tool lockers, warning light housings without text, ultra-realistic cinematic near-future space engineering, premium AAA game background, physically plausible architecture and materials, dark navy and graphite palette, brushed titanium, subtle cyan and amber practical lighting, controlled contrast, volumetric atmosphere, extremely detailed, credible scale, no readable text, no logos, no watermark","cartoon, anime, fantasy magic, retro pulp, low resolution, blurry, distorted geometry, duplicated objects, readable text, brand logos, NASA insignia, watermark, UI overlay, game HUD","Não aceitar instrumentos prontos. Medidores, botões, textos e luzes de estado serão sobrepostos por código."
IMG-INT-014,bg-interior-cargo-bay.webp,Interior ARK-01,Carga,2560x1440,"organized cargo bay with modular containers, robotic rail system and central aisle, ultra-realistic cinematic near-future space engineering, premium AAA game background, physically plausible architecture and materials, dark navy and graphite palette, brushed titanium, subtle cyan and amber practical lighting, controlled contrast, volumetric atmosphere, extremely detailed, credible scale, no readable text, no logos, no watermark","cartoon, anime, fantasy magic, retro pulp, low resolution, blurry, distorted geometry, duplicated objects, readable text, brand logos, NASA insignia, watermark, UI overlay, game HUD","Não aceitar instrumentos prontos. Medidores, botões, textos e luzes de estado serão sobrepostos por código."
IMG-INT-015,bg-interior-comms.webp,Interior ARK-01,Comunicação,2560x1440,"deep-space communications room with antenna hardware, blank screens and isolated operator station, ultra-realistic cinematic near-future space engineering, premium AAA game background, physically plausible architecture and materials, dark navy and graphite palette, brushed titanium, subtle cyan and amber practical lighting, controlled contrast, volumetric atmosphere, extremely detailed, credible scale, no readable text, no logos, no watermark","cartoon, anime, fantasy magic, retro pulp, low resolution, blurry, distorted geometry, duplicated objects, readable text, brand logos, NASA insignia, watermark, UI overlay, game HUD","Não aceitar instrumentos prontos. Medidores, botões, textos e luzes de estado serão sobrepostos por código."
IMG-INT-016,bg-interior-maintenance-tunnel.webp,Interior ARK-01,Túnel de manutenção,2560x1440,"narrow spacecraft service tunnel with pipes, cables, access panels and utility lights, ultra-realistic cinematic near-future space engineering, premium AAA game background, physically plausible architecture and materials, dark navy and graphite palette, brushed titanium, subtle cyan and amber practical lighting, controlled contrast, volumetric atmosphere, extremely detailed, credible scale, no readable text, no logos, no watermark","cartoon, anime, fantasy magic, retro pulp, low resolution, blurry, distorted geometry, duplicated objects, readable text, brand logos, NASA insignia, watermark, UI overlay, game HUD","Não aceitar instrumentos prontos. Medidores, botões, textos e luzes de estado serão sobrepostos por código."
IMG-INT-017,bg-interior-escape-module.webp,Interior ARK-01,Módulo de fuga,2560x1440,"emergency lifeboat compartment with compact seats, sealed hatches and equipment racks, ultra-realistic cinematic near-future space engineering, premium AAA game background, physically plausible architecture and materials, dark navy and graphite palette, brushed titanium, subtle cyan and amber practical lighting, controlled contrast, volumetric atmosphere, extremely detailed, credible scale, no readable text, no logos, no watermark","cartoon, anime, fantasy magic, retro pulp, low resolution, blurry, distorted geometry, duplicated objects, readable text, brand logos, NASA insignia, watermark, UI overlay, game HUD","Não aceitar instrumentos prontos. Medidores, botões, textos e luzes de estado serão sobrepostos por código."
IMG-INT-018,bg-interior-fabrication.webp,Interior ARK-01,Oficina de fabricação,2560x1440,"onboard workshop with metal and polymer printers, milling unit, spare racks and workbench, ultra-realistic cinematic near-future space engineering, premium AAA game background, physically plausible architecture and materials, dark navy and graphite palette, brushed titanium, subtle cyan and amber practical lighting, controlled contrast, volumetric atmosphere, extremely detailed, credible scale, no readable text, no logos, no watermark","cartoon, anime, fantasy magic, retro pulp, low resolution, blurry, distorted geometry, duplicated objects, readable text, brand logos, NASA insignia, watermark, UI overlay, game HUD","Não aceitar instrumentos prontos. Medidores, botões, textos e luzes de estado serão sobrepostos por código."
IMG-INT-019,bg-interior-centrifuge.webp,Interior ARK-01,Anel de gravidade,2560x1440,"interior corridor of rotating gravity ring, curved floor, handrails, realistic centrifugal architecture, ultra-realistic cinematic near-future space engineering, premium AAA game background, physically plausible architecture and materials, dark navy and graphite palette, brushed titanium, subtle cyan and amber practical lighting, controlled contrast, volumetric atmosphere, extremely detailed, credible scale, no readable text, no logos, no watermark","cartoon, anime, fantasy magic, retro pulp, low resolution, blurry, distorted geometry, duplicated objects, readable text, brand logos, NASA insignia, watermark, UI overlay, game HUD","Não aceitar instrumentos prontos. Medidores, botões, textos e luzes de estado serão sobrepostos por código."
IMG-INT-020,bg-interior-quarantine.webp,Interior ARK-01,Quarentena,2560x1440,"sealed biosafety quarantine room, observation glass, decontamination equipment, blank status panels, ultra-realistic cinematic near-future space engineering, premium AAA game background, physically plausible architecture and materials, dark navy and graphite palette, brushed titanium, subtle cyan and amber practical lighting, controlled contrast, volumetric atmosphere, extremely detailed, credible scale, no readable text, no logos, no watermark","cartoon, anime, fantasy magic, retro pulp, low resolution, blurry, distorted geometry, duplicated objects, readable text, brand logos, NASA insignia, watermark, UI overlay, game HUD","Não aceitar instrumentos prontos. Medidores, botões, textos e luzes de estado serão sobrepostos por código."
IMG-MSN-001,bg-mission-countdown-pad.webp,Missão,Contagem,2560x1440,"heavy interstellar launch vehicle on pad at night, vapor, service tower, distant storm clouds, ultra-realistic cinematic near-future space engineering, premium AAA game background, physically plausible architecture and materials, dark navy and graphite palette, brushed titanium, subtle cyan and amber practical lighting, controlled contrast, volumetric atmosphere, extremely detailed, credible scale, no readable text, no logos, no watermark","cartoon, anime, fantasy magic, retro pulp, low resolution, blurry, distorted geometry, duplicated objects, readable text, brand logos, NASA insignia, watermark, UI overlay, game HUD",
IMG-MSN-002,bg-mission-liftoff.webp,Missão,Decolagem,2560x1440,"colossal launch vehicle lifting off, realistic exhaust and sound suppression, safe camera distance, ultra-realistic cinematic near-future space engineering, premium AAA game background, physically plausible architecture and materials, dark navy and graphite palette, brushed titanium, subtle cyan and amber practical lighting, controlled contrast, volumetric atmosphere, extremely detailed, credible scale, no readable text, no logos, no watermark","cartoon, anime, fantasy magic, retro pulp, low resolution, blurry, distorted geometry, duplicated objects, readable text, brand logos, NASA insignia, watermark, UI overlay, game HUD",
IMG-MSN-003,bg-mission-ascent.webp,Missão,Ascensão,2560x1440,"vehicle climbing through upper atmosphere over cloud deck, Earth curvature beginning, ultra-realistic cinematic near-future space engineering, premium AAA game background, physically plausible architecture and materials, dark navy and graphite palette, brushed titanium, subtle cyan and amber practical lighting, controlled contrast, volumetric atmosphere, extremely detailed, credible scale, no readable text, no logos, no watermark","cartoon, anime, fantasy magic, retro pulp, low resolution, blurry, distorted geometry, duplicated objects, readable text, brand logos, NASA insignia, watermark, UI overlay, game HUD",
IMG-MSN-004,bg-mission-stage-separation.webp,Missão,Separação,2560x1440,"clean stage separation in near space, spent booster drifting, precise mechanical detail, ultra-realistic cinematic near-future space engineering, premium AAA game background, physically plausible architecture and materials, dark navy and graphite palette, brushed titanium, subtle cyan and amber practical lighting, controlled contrast, volumetric atmosphere, extremely detailed, credible scale, no readable text, no logos, no watermark","cartoon, anime, fantasy magic, retro pulp, low resolution, blurry, distorted geometry, duplicated objects, readable text, brand logos, NASA insignia, watermark, UI overlay, game HUD",
IMG-MSN-005,bg-mission-earth-orbit.webp,Missão,Órbita terrestre,2560x1440,"ARK-01 assembled in Earth orbit, planet filling background, radiators deployed, ultra-realistic cinematic near-future space engineering, premium AAA game background, physically plausible architecture and materials, dark navy and graphite palette, brushed titanium, subtle cyan and amber practical lighting, controlled contrast, volumetric atmosphere, extremely detailed, credible scale, no readable text, no logos, no watermark","cartoon, anime, fantasy magic, retro pulp, low resolution, blurry, distorted geometry, duplicated objects, readable text, brand logos, NASA insignia, watermark, UI overlay, game HUD",
IMG-MSN-006,bg-mission-departure-burn.webp,Missão,Queima de partida,2560x1440,"ARK-01 performing long departure burn away from Earth, restrained plume, Moon and Earth behind, ultra-realistic cinematic near-future space engineering, premium AAA game background, physically plausible architecture and materials, dark navy and graphite palette, brushed titanium, subtle cyan and amber practical lighting, controlled contrast, volumetric atmosphere, extremely detailed, credible scale, no readable text, no logos, no watermark","cartoon, anime, fantasy magic, retro pulp, low resolution, blurry, distorted geometry, duplicated objects, readable text, brand logos, NASA insignia, watermark, UI overlay, game HUD",
IMG-MSN-007,bg-mission-deep-cruise.webp,Missão,Cruzeiro profundo,2560x1440,"ARK-01 in deep interstellar cruise, dark star field, faint radiator glow, immense loneliness, ultra-realistic cinematic near-future space engineering, premium AAA game background, physically plausible architecture and materials, dark navy and graphite palette, brushed titanium, subtle cyan and amber practical lighting, controlled contrast, volumetric atmosphere, extremely detailed, credible scale, no readable text, no logos, no watermark","cartoon, anime, fantasy magic, retro pulp, low resolution, blurry, distorted geometry, duplicated objects, readable text, brand logos, NASA insignia, watermark, UI overlay, game HUD",
IMG-MSN-008,bg-mission-solar-flare.webp,Missão,Erupção estelar,2560x1440,"spacecraft near violent stellar flare at safe distance, energetic particles interacting with shielding subtly, ultra-realistic cinematic near-future space engineering, premium AAA game background, physically plausible architecture and materials, dark navy and graphite palette, brushed titanium, subtle cyan and amber practical lighting, controlled contrast, volumetric atmosphere, extremely detailed, credible scale, no readable text, no logos, no watermark","cartoon, anime, fantasy magic, retro pulp, low resolution, blurry, distorted geometry, duplicated objects, readable text, brand logos, NASA insignia, watermark, UI overlay, game HUD",
IMG-MSN-009,bg-mission-micrometeor-storm.webp,Missão,Micrometeoros,2560x1440,"ARK-01 crossing micrometeor stream, small impacts and defensive orientation, restrained realism, ultra-realistic cinematic near-future space engineering, premium AAA game background, physically plausible architecture and materials, dark navy and graphite palette, brushed titanium, subtle cyan and amber practical lighting, controlled contrast, volumetric atmosphere, extremely detailed, credible scale, no readable text, no logos, no watermark","cartoon, anime, fantasy magic, retro pulp, low resolution, blurry, distorted geometry, duplicated objects, readable text, brand logos, NASA insignia, watermark, UI overlay, game HUD",
IMG-MSN-010,bg-mission-eva-repair.webp,Missão,Reparo EVA,2560x1440,"two astronauts repairing external hull with tethers, damaged radiator and distant star, ultra-realistic cinematic near-future space engineering, premium AAA game background, physically plausible architecture and materials, dark navy and graphite palette, brushed titanium, subtle cyan and amber practical lighting, controlled contrast, volumetric atmosphere, extremely detailed, credible scale, no readable text, no logos, no watermark","cartoon, anime, fantasy magic, retro pulp, low resolution, blurry, distorted geometry, duplicated objects, readable text, brand logos, NASA insignia, watermark, UI overlay, game HUD",
IMG-MSN-011,bg-mission-unknown-signal.webp,Missão,Sinal desconhecido,2560x1440,"deep space with distant ambiguous artificial-looking object and geometric radio source, ultra-realistic cinematic near-future space engineering, premium AAA game background, physically plausible architecture and materials, dark navy and graphite palette, brushed titanium, subtle cyan and amber practical lighting, controlled contrast, volumetric atmosphere, extremely detailed, credible scale, no readable text, no logos, no watermark","cartoon, anime, fantasy magic, retro pulp, low resolution, blurry, distorted geometry, duplicated objects, readable text, brand logos, NASA insignia, watermark, UI overlay, game HUD",
IMG-MSN-012,bg-mission-arrival-system.webp,Missão,Chegada,2560x1440,"ARK-01 entering a new star system with several planets and dramatic depth, ultra-realistic cinematic near-future space engineering, premium AAA game background, physically plausible architecture and materials, dark navy and graphite palette, brushed titanium, subtle cyan and amber practical lighting, controlled contrast, volumetric atmosphere, extremely detailed, credible scale, no readable text, no logos, no watermark","cartoon, anime, fantasy magic, retro pulp, low resolution, blurry, distorted geometry, duplicated objects, readable text, brand logos, NASA insignia, watermark, UI overlay, game HUD",
IMG-MSN-013,bg-mission-orbital-insertion.webp,Missão,Inserção orbital,2560x1440,"ARK-01 braking above large blue-green planet, atmospheric limb and engine plume, ultra-realistic cinematic near-future space engineering, premium AAA game background, physically plausible architecture and materials, dark navy and graphite palette, brushed titanium, subtle cyan and amber practical lighting, controlled contrast, volumetric atmosphere, extremely detailed, credible scale, no readable text, no logos, no watermark","cartoon, anime, fantasy magic, retro pulp, low resolution, blurry, distorted geometry, duplicated objects, readable text, brand logos, NASA insignia, watermark, UI overlay, game HUD",
IMG-MSN-014,bg-mission-atmospheric-entry.webp,Missão,Entrada,2560x1440,"landing craft entering alien atmosphere with plasma sheath, realistic orientation, ultra-realistic cinematic near-future space engineering, premium AAA game background, physically plausible architecture and materials, dark navy and graphite palette, brushed titanium, subtle cyan and amber practical lighting, controlled contrast, volumetric atmosphere, extremely detailed, credible scale, no readable text, no logos, no watermark","cartoon, anime, fantasy magic, retro pulp, low resolution, blurry, distorted geometry, duplicated objects, readable text, brand logos, NASA insignia, watermark, UI overlay, game HUD",
IMG-MSN-015,bg-mission-landing-descent.webp,Missão,Descida,2560x1440,"landing craft descending over rugged alien valley, dust and safe site visible, ultra-realistic cinematic near-future space engineering, premium AAA game background, physically plausible architecture and materials, dark navy and graphite palette, brushed titanium, subtle cyan and amber practical lighting, controlled contrast, volumetric atmosphere, extremely detailed, credible scale, no readable text, no logos, no watermark","cartoon, anime, fantasy magic, retro pulp, low resolution, blurry, distorted geometry, duplicated objects, readable text, brand logos, NASA insignia, watermark, UI overlay, game HUD",
IMG-MSN-016,bg-mission-emergency-landing.webp,Missão,Pouso de emergência,2560x1440,"damaged landing craft approaching rough terrain in storm, asymmetric plume, ultra-realistic cinematic near-future space engineering, premium AAA game background, physically plausible architecture and materials, dark navy and graphite palette, brushed titanium, subtle cyan and amber practical lighting, controlled contrast, volumetric atmosphere, extremely detailed, credible scale, no readable text, no logos, no watermark","cartoon, anime, fantasy magic, retro pulp, low resolution, blurry, distorted geometry, duplicated objects, readable text, brand logos, NASA insignia, watermark, UI overlay, game HUD",
IMG-MSN-017,bg-mission-loss-of-contact.webp,Missão,Perda de contato,2560x1440,"empty mission control under emergency red lighting, one central screen area dark, no text, ultra-realistic cinematic near-future space engineering, premium AAA game background, physically plausible architecture and materials, dark navy and graphite palette, brushed titanium, subtle cyan and amber practical lighting, controlled contrast, volumetric atmosphere, extremely detailed, credible scale, no readable text, no logos, no watermark","cartoon, anime, fantasy magic, retro pulp, low resolution, blurry, distorted geometry, duplicated objects, readable text, brand logos, NASA insignia, watermark, UI overlay, game HUD",
IMG-MSN-018,bg-mission-ark-damaged.webp,Missão,Nave avariada,2560x1440,"ARK-01 drifting with localized hull damage, venting gas and dark module, no total destruction, ultra-realistic cinematic near-future space engineering, premium AAA game background, physically plausible architecture and materials, dark navy and graphite palette, brushed titanium, subtle cyan and amber practical lighting, controlled contrast, volumetric atmosphere, extremely detailed, credible scale, no readable text, no logos, no watermark","cartoon, anime, fantasy magic, retro pulp, low resolution, blurry, distorted geometry, duplicated objects, readable text, brand logos, NASA insignia, watermark, UI overlay, game HUD",
IMG-PLN-001,bg-planet-aurelia-orbit.webp,Planetas,Aurelia em órbita,2560x1440,"orbital view of Aurelia, temperate blue-green exoplanet, continents, oceans, clouds and thin aurora, ultra-realistic cinematic near-future space engineering, premium AAA game background, physically plausible architecture and materials, dark navy and graphite palette, brushed titanium, subtle cyan and amber practical lighting, controlled contrast, volumetric atmosphere, extremely detailed, credible scale, no readable text, no logos, no watermark","cartoon, anime, fantasy magic, retro pulp, low resolution, blurry, distorted geometry, duplicated objects, readable text, brand logos, NASA insignia, watermark, UI overlay, game HUD",
IMG-PLN-002,bg-planet-aurelia-surface.webp,Planetas,Aurelia superfície,2560x1440,"broad river valley, dark green alien vegetation with plausible ecology, twin moons faintly visible, ultra-realistic cinematic near-future space engineering, premium AAA game background, physically plausible architecture and materials, dark navy and graphite palette, brushed titanium, subtle cyan and amber practical lighting, controlled contrast, volumetric atmosphere, extremely detailed, credible scale, no readable text, no logos, no watermark","cartoon, anime, fantasy magic, retro pulp, low resolution, blurry, distorted geometry, duplicated objects, readable text, brand logos, NASA insignia, watermark, UI overlay, game HUD",
IMG-PLN-003,bg-planet-nereid-orbit.webp,Planetas,Nereid em órbita,2560x1440,"global ocean exoplanet with powerful storms and volcanic island chains, ultra-realistic cinematic near-future space engineering, premium AAA game background, physically plausible architecture and materials, dark navy and graphite palette, brushed titanium, subtle cyan and amber practical lighting, controlled contrast, volumetric atmosphere, extremely detailed, credible scale, no readable text, no logos, no watermark","cartoon, anime, fantasy magic, retro pulp, low resolution, blurry, distorted geometry, duplicated objects, readable text, brand logos, NASA insignia, watermark, UI overlay, game HUD",
IMG-PLN-004,bg-planet-nereid-surface.webp,Planetas,Nereid superfície,2560x1440,"ocean beside black volcanic island, heavy waves, possible landing platform, dramatic weather, ultra-realistic cinematic near-future space engineering, premium AAA game background, physically plausible architecture and materials, dark navy and graphite palette, brushed titanium, subtle cyan and amber practical lighting, controlled contrast, volumetric atmosphere, extremely detailed, credible scale, no readable text, no logos, no watermark","cartoon, anime, fantasy magic, retro pulp, low resolution, blurry, distorted geometry, duplicated objects, readable text, brand logos, NASA insignia, watermark, UI overlay, game HUD",
IMG-PLN-005,bg-planet-cinder-orbit.webp,Planetas,Cinder em órbita,2560x1440,"hot arid planet, iron deserts, canyons, dusty atmosphere and polar ice remnants, ultra-realistic cinematic near-future space engineering, premium AAA game background, physically plausible architecture and materials, dark navy and graphite palette, brushed titanium, subtle cyan and amber practical lighting, controlled contrast, volumetric atmosphere, extremely detailed, credible scale, no readable text, no logos, no watermark","cartoon, anime, fantasy magic, retro pulp, low resolution, blurry, distorted geometry, duplicated objects, readable text, brand logos, NASA insignia, watermark, UI overlay, game HUD",
IMG-PLN-006,bg-planet-cinder-surface.webp,Planetas,Cinder superfície,2560x1440,"red-brown canyon basin, high winds, mineral deposits and harsh sunlight, ultra-realistic cinematic near-future space engineering, premium AAA game background, physically plausible architecture and materials, dark navy and graphite palette, brushed titanium, subtle cyan and amber practical lighting, controlled contrast, volumetric atmosphere, extremely detailed, credible scale, no readable text, no logos, no watermark","cartoon, anime, fantasy magic, retro pulp, low resolution, blurry, distorted geometry, duplicated objects, readable text, brand logos, NASA insignia, watermark, UI overlay, game HUD",
IMG-PLN-007,bg-planet-umbra-orbit.webp,Planetas,Umbra em órbita,2560x1440,"frozen exoplanet with cracked ice shell, dark ocean fractures and faint atmosphere, ultra-realistic cinematic near-future space engineering, premium AAA game background, physically plausible architecture and materials, dark navy and graphite palette, brushed titanium, subtle cyan and amber practical lighting, controlled contrast, volumetric atmosphere, extremely detailed, credible scale, no readable text, no logos, no watermark","cartoon, anime, fantasy magic, retro pulp, low resolution, blurry, distorted geometry, duplicated objects, readable text, brand logos, NASA insignia, watermark, UI overlay, game HUD",
IMG-PLN-008,bg-planet-umbra-surface.webp,Planetas,Umbra superfície,2560x1440,"glacial plains, ice ridges, distant geysers and low blue light, ultra-realistic cinematic near-future space engineering, premium AAA game background, physically plausible architecture and materials, dark navy and graphite palette, brushed titanium, subtle cyan and amber practical lighting, controlled contrast, volumetric atmosphere, extremely detailed, credible scale, no readable text, no logos, no watermark","cartoon, anime, fantasy magic, retro pulp, low resolution, blurry, distorted geometry, duplicated objects, readable text, brand logos, NASA insignia, watermark, UI overlay, game HUD",
IMG-PLN-009,bg-planet-verdant-orbit.webp,Planetas,Verdant em órbita,2560x1440,"cloud-covered super-earth with vast forests and uncertain atmospheric chemistry, ultra-realistic cinematic near-future space engineering, premium AAA game background, physically plausible architecture and materials, dark navy and graphite palette, brushed titanium, subtle cyan and amber practical lighting, controlled contrast, volumetric atmosphere, extremely detailed, credible scale, no readable text, no logos, no watermark","cartoon, anime, fantasy magic, retro pulp, low resolution, blurry, distorted geometry, duplicated objects, readable text, brand logos, NASA insignia, watermark, UI overlay, game HUD",
IMG-PLN-010,bg-planet-verdant-surface.webp,Planetas,Verdant superfície,2560x1440,"towering alien forest, mist and bioluminescent microorganisms, beautiful but potentially toxic, ultra-realistic cinematic near-future space engineering, premium AAA game background, physically plausible architecture and materials, dark navy and graphite palette, brushed titanium, subtle cyan and amber practical lighting, controlled contrast, volumetric atmosphere, extremely detailed, credible scale, no readable text, no logos, no watermark","cartoon, anime, fantasy magic, retro pulp, low resolution, blurry, distorted geometry, duplicated objects, readable text, brand logos, NASA insignia, watermark, UI overlay, game HUD",
IMG-PLN-011,bg-planet-barren-orbit.webp,Planetas,Barren em órbita,2560x1440,"sterile airless mineral world, cratered surface and valuable metals, ultra-realistic cinematic near-future space engineering, premium AAA game background, physically plausible architecture and materials, dark navy and graphite palette, brushed titanium, subtle cyan and amber practical lighting, controlled contrast, volumetric atmosphere, extremely detailed, credible scale, no readable text, no logos, no watermark","cartoon, anime, fantasy magic, retro pulp, low resolution, blurry, distorted geometry, duplicated objects, readable text, brand logos, NASA insignia, watermark, UI overlay, game HUD",
IMG-PLN-012,bg-planet-barren-surface.webp,Planetas,Barren superfície,2560x1440,"airless mineral plain with sharp shadows, rover tracks and distant ringed planet, ultra-realistic cinematic near-future space engineering, premium AAA game background, physically plausible architecture and materials, dark navy and graphite palette, brushed titanium, subtle cyan and amber practical lighting, controlled contrast, volumetric atmosphere, extremely detailed, credible scale, no readable text, no logos, no watermark","cartoon, anime, fantasy magic, retro pulp, low resolution, blurry, distorted geometry, duplicated objects, readable text, brand logos, NASA insignia, watermark, UI overlay, game HUD",
IMG-PLN-013,bg-planet-gas-giant.webp,Planetas,Gigante gasoso,2560x1440,"majestic gas giant with turbulent bands, rings and multiple moons, ultra-realistic cinematic near-future space engineering, premium AAA game background, physically plausible architecture and materials, dark navy and graphite palette, brushed titanium, subtle cyan and amber practical lighting, controlled contrast, volumetric atmosphere, extremely detailed, credible scale, no readable text, no logos, no watermark","cartoon, anime, fantasy magic, retro pulp, low resolution, blurry, distorted geometry, duplicated objects, readable text, brand logos, NASA insignia, watermark, UI overlay, game HUD",
IMG-PLN-014,bg-planet-anomaly.webp,Planetas,Anomalia,2560x1440,"dark rogue world with geometric subsurface lights barely visible through fractures, ambiguous artificial origin, ultra-realistic cinematic near-future space engineering, premium AAA game background, physically plausible architecture and materials, dark navy and graphite palette, brushed titanium, subtle cyan and amber practical lighting, controlled contrast, volumetric atmosphere, extremely detailed, credible scale, no readable text, no logos, no watermark","cartoon, anime, fantasy magic, retro pulp, low resolution, blurry, distorted geometry, duplicated objects, readable text, brand logos, NASA insignia, watermark, UI overlay, game HUD",
IMG-PLN-015,bg-planet-orbit-map-neutral.webp,Planetas,Mapa orbital neutro,2560x1440,"clean top-down scientific visualization of a fictional star system on dark space, planets without labels, empty areas for coded orbit lines, ultra-realistic cinematic near-future space engineering, premium AAA game background, physically plausible architecture and materials, dark navy and graphite palette, brushed titanium, subtle cyan and amber practical lighting, controlled contrast, volumetric atmosphere, extremely detailed, credible scale, no readable text, no logos, no watermark","cartoon, anime, fantasy magic, retro pulp, low resolution, blurry, distorted geometry, duplicated objects, readable text, brand logos, NASA insignia, watermark, UI overlay, game HUD",
IMG-PLN-016,bg-planet-cave-habitat.webp,Planetas,Caverna habitável,2560x1440,"vast lava tube on alien planet, ice deposits, stable shelter potential, expedition lights, ultra-realistic cinematic near-future space engineering, premium AAA game background, physically plausible architecture and materials, dark navy and graphite palette, brushed titanium, subtle cyan and amber practical lighting, controlled contrast, volumetric atmosphere, extremely detailed, credible scale, no readable text, no logos, no watermark","cartoon, anime, fantasy magic, retro pulp, low resolution, blurry, distorted geometry, duplicated objects, readable text, brand logos, NASA insignia, watermark, UI overlay, game HUD",
IMG-COL-001,bg-colony-first-step.webp,Colônia,Primeiro passo,2560x1440,"first landing site on Aurelia, crew descending ramp, modular cargo and untouched valley, ultra-realistic cinematic near-future space engineering, premium AAA game background, physically plausible architecture and materials, dark navy and graphite palette, brushed titanium, subtle cyan and amber practical lighting, controlled contrast, volumetric atmosphere, extremely detailed, credible scale, no readable text, no logos, no watermark","cartoon, anime, fantasy magic, retro pulp, low resolution, blurry, distorted geometry, duplicated objects, readable text, brand logos, NASA insignia, watermark, UI overlay, game HUD",
IMG-COL-002,bg-colony-habitat-deployment.webp,Colônia,Implantação de habitat,2560x1440,"inflatable and rigid modules deployed by robots, realistic construction sequence, ultra-realistic cinematic near-future space engineering, premium AAA game background, physically plausible architecture and materials, dark navy and graphite palette, brushed titanium, subtle cyan and amber practical lighting, controlled contrast, volumetric atmosphere, extremely detailed, credible scale, no readable text, no logos, no watermark","cartoon, anime, fantasy magic, retro pulp, low resolution, blurry, distorted geometry, duplicated objects, readable text, brand logos, NASA insignia, watermark, UI overlay, game HUD",
IMG-COL-003,bg-colony-solar-farm.webp,Colônia,Fazenda solar,2560x1440,"solar and battery field beside early colony, maintenance rovers, changing weather, ultra-realistic cinematic near-future space engineering, premium AAA game background, physically plausible architecture and materials, dark navy and graphite palette, brushed titanium, subtle cyan and amber practical lighting, controlled contrast, volumetric atmosphere, extremely detailed, credible scale, no readable text, no logos, no watermark","cartoon, anime, fantasy magic, retro pulp, low resolution, blurry, distorted geometry, duplicated objects, readable text, brand logos, NASA insignia, watermark, UI overlay, game HUD",
IMG-COL-004,bg-colony-reactor-site.webp,Colônia,Reator da colônia,2560x1440,"compact shielded surface reactor separated from habitat, cooling equipment and perimeter, ultra-realistic cinematic near-future space engineering, premium AAA game background, physically plausible architecture and materials, dark navy and graphite palette, brushed titanium, subtle cyan and amber practical lighting, controlled contrast, volumetric atmosphere, extremely detailed, credible scale, no readable text, no logos, no watermark","cartoon, anime, fantasy magic, retro pulp, low resolution, blurry, distorted geometry, duplicated objects, readable text, brand logos, NASA insignia, watermark, UI overlay, game HUD",
IMG-COL-005,bg-colony-water-extraction.webp,Colônia,Extração de água,2560x1440,"ice or groundwater extraction facility with pipes toward settlement, ultra-realistic cinematic near-future space engineering, premium AAA game background, physically plausible architecture and materials, dark navy and graphite palette, brushed titanium, subtle cyan and amber practical lighting, controlled contrast, volumetric atmosphere, extremely detailed, credible scale, no readable text, no logos, no watermark","cartoon, anime, fantasy magic, retro pulp, low resolution, blurry, distorted geometry, duplicated objects, readable text, brand logos, NASA insignia, watermark, UI overlay, game HUD",
IMG-COL-006,bg-colony-greenhouse.webp,Colônia,Estufa,2560x1440,"pressurized greenhouse interior on alien planet, abundant crops and condensation, ultra-realistic cinematic near-future space engineering, premium AAA game background, physically plausible architecture and materials, dark navy and graphite palette, brushed titanium, subtle cyan and amber practical lighting, controlled contrast, volumetric atmosphere, extremely detailed, credible scale, no readable text, no logos, no watermark","cartoon, anime, fantasy magic, retro pulp, low resolution, blurry, distorted geometry, duplicated objects, readable text, brand logos, NASA insignia, watermark, UI overlay, game HUD",
IMG-COL-007,bg-colony-medical-crisis.webp,Colônia,Crise médica,2560x1440,"colony clinic prepared for emergency, empty beds and alarm lighting, no patients, ultra-realistic cinematic near-future space engineering, premium AAA game background, physically plausible architecture and materials, dark navy and graphite palette, brushed titanium, subtle cyan and amber practical lighting, controlled contrast, volumetric atmosphere, extremely detailed, credible scale, no readable text, no logos, no watermark","cartoon, anime, fantasy magic, retro pulp, low resolution, blurry, distorted geometry, duplicated objects, readable text, brand logos, NASA insignia, watermark, UI overlay, game HUD",
IMG-COL-008,bg-colony-dust-storm.webp,Colônia,Tempestade,2560x1440,"early colony under severe dust storm, structures sealed and emergency lights, ultra-realistic cinematic near-future space engineering, premium AAA game background, physically plausible architecture and materials, dark navy and graphite palette, brushed titanium, subtle cyan and amber practical lighting, controlled contrast, volumetric atmosphere, extremely detailed, credible scale, no readable text, no logos, no watermark","cartoon, anime, fantasy magic, retro pulp, low resolution, blurry, distorted geometry, duplicated objects, readable text, brand logos, NASA insignia, watermark, UI overlay, game HUD",
IMG-COL-009,bg-colony-night.webp,Colônia,Noite da colônia,2560x1440,"colony beneath unfamiliar stars and moons, warm habitat lights and quiet optimism, ultra-realistic cinematic near-future space engineering, premium AAA game background, physically plausible architecture and materials, dark navy and graphite palette, brushed titanium, subtle cyan and amber practical lighting, controlled contrast, volumetric atmosphere, extremely detailed, credible scale, no readable text, no logos, no watermark","cartoon, anime, fantasy magic, retro pulp, low resolution, blurry, distorted geometry, duplicated objects, readable text, brand logos, NASA insignia, watermark, UI overlay, game HUD",
IMG-COL-010,bg-colony-expanded.webp,Colônia,Colônia expandida,2560x1440,"mature plausible settlement with habitats, research, agriculture, transit and landing zone, ultra-realistic cinematic near-future space engineering, premium AAA game background, physically plausible architecture and materials, dark navy and graphite palette, brushed titanium, subtle cyan and amber practical lighting, controlled contrast, volumetric atmosphere, extremely detailed, credible scale, no readable text, no logos, no watermark","cartoon, anime, fantasy magic, retro pulp, low resolution, blurry, distorted geometry, duplicated objects, readable text, brand logos, NASA insignia, watermark, UI overlay, game HUD",
IMG-COL-011,bg-colony-council.webp,Colônia,Conselho,2560x1440,"modular colony council chamber, circular table and windows toward settlement, ultra-realistic cinematic near-future space engineering, premium AAA game background, physically plausible architecture and materials, dark navy and graphite palette, brushed titanium, subtle cyan and amber practical lighting, controlled contrast, volumetric atmosphere, extremely detailed, credible scale, no readable text, no logos, no watermark","cartoon, anime, fantasy magic, retro pulp, low resolution, blurry, distorted geometry, duplicated objects, readable text, brand logos, NASA insignia, watermark, UI overlay, game HUD",
IMG-COL-012,bg-colony-final-sunrise.webp,Colônia,Amanhecer final,2560x1440,"sunrise over thriving colony with distant ARK-01 in sky, emotional final, clean sky area, ultra-realistic cinematic near-future space engineering, premium AAA game background, physically plausible architecture and materials, dark navy and graphite palette, brushed titanium, subtle cyan and amber practical lighting, controlled contrast, volumetric atmosphere, extremely detailed, credible scale, no readable text, no logos, no watermark","cartoon, anime, fantasy magic, retro pulp, low resolution, blurry, distorted geometry, duplicated objects, readable text, brand logos, NASA insignia, watermark, UI overlay, game HUD",
IMG-COL-013,bg-colony-cemetery.webp,Colônia,Memorial da colônia,2560x1440,"small dignified memorial field beneath alien sky, simple markers without names, non-funereal hope, ultra-realistic cinematic near-future space engineering, premium AAA game background, physically plausible architecture and materials, dark navy and graphite palette, brushed titanium, subtle cyan and amber practical lighting, controlled contrast, volumetric atmosphere, extremely detailed, credible scale, no readable text, no logos, no watermark","cartoon, anime, fantasy magic, retro pulp, low resolution, blurry, distorted geometry, duplicated objects, readable text, brand logos, NASA insignia, watermark, UI overlay, game HUD",
IMG-COL-014,bg-colony-school.webp,Colônia,Escola da colônia,2560x1440,"bright modular classroom and science learning area for first generation, no children visible, ultra-realistic cinematic near-future space engineering, premium AAA game background, physically plausible architecture and materials, dark navy and graphite palette, brushed titanium, subtle cyan and amber practical lighting, controlled contrast, volumetric atmosphere, extremely detailed, credible scale, no readable text, no logos, no watermark","cartoon, anime, fantasy magic, retro pulp, low resolution, blurry, distorted geometry, duplicated objects, readable text, brand logos, NASA insignia, watermark, UI overlay, game HUD",
IMG-UI-001,texture-panel-titanium.webp,UI e texturas,Textura titânio,2048x2048,"seamless brushed dark titanium panel texture, subtle scratches, uniform lighting, tileable, ultra-realistic cinematic near-future space engineering, premium AAA game background, physically plausible architecture and materials, dark navy and graphite palette, brushed titanium, subtle cyan and amber practical lighting, controlled contrast, volumetric atmosphere, extremely detailed, credible scale, no readable text, no logos, no watermark","cartoon, anime, fantasy magic, retro pulp, low resolution, blurry, distorted geometry, duplicated objects, readable text, brand logos, NASA insignia, watermark, UI overlay, game HUD",
IMG-UI-002,texture-panel-carbon.webp,UI e texturas,Textura compósito,2048x2048,"seamless dark aerospace composite texture, restrained and tileable, ultra-realistic cinematic near-future space engineering, premium AAA game background, physically plausible architecture and materials, dark navy and graphite palette, brushed titanium, subtle cyan and amber practical lighting, controlled contrast, volumetric atmosphere, extremely detailed, credible scale, no readable text, no logos, no watermark","cartoon, anime, fantasy magic, retro pulp, low resolution, blurry, distorted geometry, duplicated objects, readable text, brand logos, NASA insignia, watermark, UI overlay, game HUD",
IMG-UI-003,texture-glass-noise.webp,UI e texturas,Ruído de vidro,2048x2048,"subtle dark glass grain and fine dust pattern on black, uniform, tileable, ultra-realistic cinematic near-future space engineering, premium AAA game background, physically plausible architecture and materials, dark navy and graphite palette, brushed titanium, subtle cyan and amber practical lighting, controlled contrast, volumetric atmosphere, extremely detailed, credible scale, no readable text, no logos, no watermark","cartoon, anime, fantasy magic, retro pulp, low resolution, blurry, distorted geometry, duplicated objects, readable text, brand logos, NASA insignia, watermark, UI overlay, game HUD",
IMG-UI-004,bg-modal-engineering.webp,UI e texturas,Modal de engenharia,2560x1440,"abstract dark spacecraft blueprint grid with faint lines and no labels, low contrast, ultra-realistic cinematic near-future space engineering, premium AAA game background, physically plausible architecture and materials, dark navy and graphite palette, brushed titanium, subtle cyan and amber practical lighting, controlled contrast, volumetric atmosphere, extremely detailed, credible scale, no readable text, no logos, no watermark","cartoon, anime, fantasy magic, retro pulp, low resolution, blurry, distorted geometry, duplicated objects, readable text, brand logos, NASA insignia, watermark, UI overlay, game HUD",
IMG-UI-005,bg-modal-emergency.webp,UI e texturas,Modal de emergência,2560x1440,"dark red emergency-lit spacecraft wall texture, smoke haze, no signs, low detail center, ultra-realistic cinematic near-future space engineering, premium AAA game background, physically plausible architecture and materials, dark navy and graphite palette, brushed titanium, subtle cyan and amber practical lighting, controlled contrast, volumetric atmosphere, extremely detailed, credible scale, no readable text, no logos, no watermark","cartoon, anime, fantasy magic, retro pulp, low resolution, blurry, distorted geometry, duplicated objects, readable text, brand logos, NASA insignia, watermark, UI overlay, game HUD",
IMG-UI-006,bg-save-slots.webp,UI e texturas,Gerenciador de partidas,2560x1440,"archive room with illuminated mission data cores, symmetrical shelves and empty center, ultra-realistic cinematic near-future space engineering, premium AAA game background, physically plausible architecture and materials, dark navy and graphite palette, brushed titanium, subtle cyan and amber practical lighting, controlled contrast, volumetric atmosphere, extremely detailed, credible scale, no readable text, no logos, no watermark","cartoon, anime, fantasy magic, retro pulp, low resolution, blurry, distorted geometry, duplicated objects, readable text, brand logos, NASA insignia, watermark, UI overlay, game HUD",
IMG-UI-007,bg-credits.webp,UI e texturas,Créditos,2560x1440,"quiet view of ARK-01 crossing a star field, minimal composition with large dark text-safe area, ultra-realistic cinematic near-future space engineering, premium AAA game background, physically plausible architecture and materials, dark navy and graphite palette, brushed titanium, subtle cyan and amber practical lighting, controlled contrast, volumetric atmosphere, extremely detailed, credible scale, no readable text, no logos, no watermark","cartoon, anime, fantasy magic, retro pulp, low resolution, blurry, distorted geometry, duplicated objects, readable text, brand logos, NASA insignia, watermark, UI overlay, game HUD",
IMG-UI-008,bg-accessibility.webp,UI e texturas,Acessibilidade,2560x1440,"neutral dark futuristic control room with soft even lighting and no focal clutter, ultra-realistic cinematic near-future space engineering, premium AAA game background, physically plausible architecture and materials, dark navy and graphite palette, brushed titanium, subtle cyan and amber practical lighting, controlled contrast, volumetric atmosphere, extremely detailed, credible scale, no readable text, no logos, no watermark","cartoon, anime, fantasy magic, retro pulp, low resolution, blurry, distorted geometry, duplicated objects, readable text, brand logos, NASA insignia, watermark, UI overlay, game HUD",
